{
  "hash": "35cac822",
  "configHash": "736d6355",
  "lockfileHash": "e0953caa",
  "browserHash": "8a4048c8",
  "optimized": {
    "@angular/cdk/bidi": {
      "src": "../../../../../../node_modules/@angular/cdk/fesm2022/bidi.mjs",
      "file": "@angular_cdk_bidi.js",
      "fileHash": "ab84afbc",
      "needsInterop": false
    },
    "@angular/cdk/text-field": {
      "src": "../../../../../../node_modules/@angular/cdk/fesm2022/text-field.mjs",
      "file": "@angular_cdk_text-field.js",
      "fileHash": "9eb3e8e2",
      "needsInterop": false
    },
    "@angular/common": {
      "src": "../../../../../../node_modules/@angular/common/fesm2022/common.mjs",
      "file": "@angular_common.js",
      "fileHash": "712b9d4a",
      "needsInterop": false
    },
    "@angular/common/http": {
      "src": "../../../../../../node_modules/@angular/common/fesm2022/http.mjs",
      "file": "@angular_common_http.js",
      "fileHash": "2fca872c",
      "needsInterop": false
    },
    "@angular/core": {
      "src": "../../../../../../node_modules/@angular/core/fesm2022/core.mjs",
      "file": "@angular_core.js",
      "fileHash": "74e634ee",
      "needsInterop": false
    },
    "@angular/forms": {
      "src": "../../../../../../node_modules/@angular/forms/fesm2022/forms.mjs",
      "file": "@angular_forms.js",
      "fileHash": "ad47b80a",
      "needsInterop": false
    },
    "@angular/material/button": {
      "src": "../../../../../../node_modules/@angular/material/fesm2022/button.mjs",
      "file": "@angular_material_button.js",
      "fileHash": "51fa3120",
      "needsInterop": false
    },
    "@angular/material/card": {
      "src": "../../../../../../node_modules/@angular/material/fesm2022/card.mjs",
      "file": "@angular_material_card.js",
      "fileHash": "8c2dcc2e",
      "needsInterop": false
    },
    "@angular/material/form-field": {
      "src": "../../../../../../node_modules/@angular/material/fesm2022/form-field.mjs",
      "file": "@angular_material_form-field.js",
      "fileHash": "c1860c45",
      "needsInterop": false
    },
    "@angular/material/input": {
      "src": "../../../../../../node_modules/@angular/material/fesm2022/input.mjs",
      "file": "@angular_material_input.js",
      "fileHash": "306d9bde",
      "needsInterop": false
    },
    "@angular/platform-browser": {
      "src": "../../../../../../node_modules/@angular/platform-browser/fesm2022/platform-browser.mjs",
      "file": "@angular_platform-browser.js",
      "fileHash": "69f07dd3",
      "needsInterop": false
    },
    "@angular/router": {
      "src": "../../../../../../node_modules/@angular/router/fesm2022/router.mjs",
      "file": "@angular_router.js",
      "fileHash": "a6b6bb80",
      "needsInterop": false
    },
    "rxjs": {
      "src": "../../../../../../node_modules/rxjs/dist/esm5/index.js",
      "file": "rxjs.js",
      "fileHash": "7f0f37c4",
      "needsInterop": false
    },
    "rxjs/operators": {
      "src": "../../../../../../node_modules/rxjs/dist/esm5/operators/index.js",
      "file": "rxjs_operators.js",
      "fileHash": "be540085",
      "needsInterop": false
    }
  },
  "chunks": {
    "chunk-H4BRDEBE": {
      "file": "chunk-H4BRDEBE.js"
    },
    "chunk-KZRNZA75": {
      "file": "chunk-KZRNZA75.js"
    },
    "chunk-7V4QYSMJ": {
      "file": "chunk-7V4QYSMJ.js"
    },
    "chunk-5MUSQLCO": {
      "file": "chunk-5MUSQLCO.js"
    },
    "chunk-ZRXCIRCV": {
      "file": "chunk-ZRXCIRCV.js"
    },
    "chunk-KN4JCR2F": {
      "file": "chunk-KN4JCR2F.js"
    },
    "chunk-DIS6ILOI": {
      "file": "chunk-DIS6ILOI.js"
    },
    "chunk-6I6RJMRF": {
      "file": "chunk-6I6RJMRF.js"
    },
    "chunk-4WVEVQKR": {
      "file": "chunk-4WVEVQKR.js"
    },
    "chunk-3H66KPUA": {
      "file": "chunk-3H66KPUA.js"
    },
    "chunk-OUAXYCTE": {
      "file": "chunk-OUAXYCTE.js"
    },
    "chunk-6Q4RANH6": {
      "file": "chunk-6Q4RANH6.js"
    },
    "chunk-FFZIAYYX": {
      "file": "chunk-FFZIAYYX.js"
    },
    "chunk-CXCX2JKZ": {
      "file": "chunk-CXCX2JKZ.js"
    }
  }
}